{"children":[{"children":[{"children":[{"name":"200"},{"name":"201"},{"name":"323"},{"name":"203"},{"name":"204"},{"name":"206"},{"name":"207"},{"name":"208"},{"name":"209"}],"name":"Centroid 208"},{"children":[{"children":[{"name":"220"},{"name":"242"},{"name":"210"},{"name":"243"},{"name":"211"},{"name":"212"},{"name":"202"},{"name":"213"},{"name":"246"},{"name":"248"},{"name":"205"},{"name":"217"}],"name":"Centroid 211"},{"children":[{"name":"230"},{"name":"231"},{"name":"232"},{"name":"233"},{"name":"234"},{"name":"235"},{"name":"214"},{"name":"236"},{"name":"215"},{"name":"237"},{"name":"216"},{"name":"238"},{"name":"239"},{"name":"218"},{"name":"219"},{"name":"240"},{"name":"241"},{"name":"221"},{"name":"222"},{"name":"244"},{"name":"223"},{"name":"245"},{"name":"224"},{"name":"225"},{"name":"247"},{"name":"226"},{"name":"227"},{"name":"228"},{"name":"229"}],"name":"Centroid 232"}],"name":"Centroid 218"}],"name":"Centroid 203"},{"children":[{"children":[{"children":[{"name":"330"},{"name":"331"},{"name":"310"},{"name":"332"},{"name":"311"},{"name":"312"},{"name":"325"},{"name":"326"},{"name":"327"},{"name":"119"},{"name":"328"},{"name":"307"},{"name":"329"}],"name":"Centroid 327"},{"children":[{"name":"320"},{"name":"321"},{"name":"300"},{"name":"322"},{"name":"301"},{"name":"302"},{"name":"313"},{"name":"324"},{"name":"303"},{"name":"314"},{"name":"304"},{"name":"315"},{"name":"305"},{"name":"316"},{"name":"306"},{"name":"317"},{"name":"318"},{"name":"308"},{"name":"319"},{"name":"309"}],"name":"Centroid 320"}],"name":"Centroid 308"},{"children":[{"children":[{"children":[{"name":"130"},{"name":"131"},{"name":"153"},{"name":"110"},{"name":"132"},{"name":"111"},{"name":"133"},{"name":"134"},{"name":"135"},{"name":"136"},{"name":"137"},{"name":"118"},{"name":"140"},{"name":"141"},{"name":"120"},{"name":"142"},{"name":"143"},{"name":"100"},{"name":"102"},{"name":"104"},{"name":"126"},{"name":"105"},{"name":"127"},{"name":"106"},{"name":"128"},{"name":"107"}],"name":"Centroid 135"},{"children":[{"name":"154"},{"name":"101"},{"name":"145"},{"name":"146"},{"name":"147"},{"name":"148"},{"name":"150"}],"name":"Centroid 146"}],"name":"Centroid 111"},{"children":[{"name":"151"},{"name":"152"},{"name":"121"},{"name":"122"},{"name":"144"},{"name":"155"},{"name":"112"},{"name":"123"},{"name":"113"},{"name":"124"},{"name":"103"},{"name":"114"},{"name":"125"},{"name":"115"},{"name":"116"},{"name":"138"},{"name":"149"},{"name":"117"},{"name":"139"},{"name":"129"},{"name":"108"},{"name":"109"}],"name":"Centroid 117"}],"name":"Centroid 117"}],"name":"Centroid 100"}],"name":"arrel"}